Lat_Val,Lng_Val,City,Country,Temperature,Humidity,Cloudiness,Wind Speed
-86.09033843647025,2.5495954687554274,hermanus,za,52.56,89,0,4.41
-75.38464434058633,-129.76023598242392,rikitea,pf,80.05,100,92,13.35
-75.21394147263916,-76.47109006232085,ushuaia,ar,41,86,90,14.99
19.304703403807906,-91.56521665823797,sabancuy,mx,84.24,81,0,9.22
56.28146293679845,70.26378107421357,abatskoye,ru,29.38,92,88,12.57
-58.85642063743285,-80.3982526168797,punta arenas,cl,50,71,75,19.46
52.16390199706109,-52.07502185391155,saint anthony,ca,32.59,86,20,8.05
-32.34426570747431,-4.369413186415414,jamestown,sh,64.44,63,0,17.49
41.139855329648725,-102.9872391954785,sterling,us,37.42,80,20,6.64
30.18848996793787,56.49047366066927,bardsir,ir,50,46,20,4.7
52.112905775259435,98.73414351824306,orlik,ru,-3.2,60,0,1.95
69.96942591326692,-137.66382338177522,aklavik,ca,1.4,70,75,8.05
85.70904980362636,-81.65923231549931,qaanaaq,gl,-20.03,86,0,7.65
-11.58115261356427,-76.85131156714108,santa eulalia,pe,70.51,53,0,1.83
76.82641172827957,2.7696731462761477,barentsburg,sj,,,,
57.61695739684353,-177.795534098817,provideniya,ru,6.03,100,88,42.66
39.19244596168599,-123.87198595321347,ukiah,us,55.4,47,20,13.87
15.439278656257713,-68.49799068540804,cabo rojo,us,77,83,90,8.05
72.66992729469138,-100.28227706035739,thompson,ca,15.8,43,20,10.29
46.04270167850737,-59.56037898511636,glace bay,ca,19.4,67,75,18.34
53.675703726390225,-78.23415171904846,moose factory,ca,1.4,49,1,5.82
-61.371470859197984,78.06727648746107,souillac,mu,41.99,93,20,2.84
-9.850396743977058,-38.16592276308529,jeremoabo,br,80.5,57,8,13.13
-63.25911206181098,120.77895002070812,albany,au,23.41,41,1,10.29
72.82910000606302,-121.10390781603024,norman wells,ca,28.4,79,75,5.82
-23.27672662605248,26.08056765892735,lephepe,bw,,,,
-16.945007872646656,-164.12948188492757,avarua,ck,84.2,74,40,6.93
-54.58575338793912,-20.08340446758413,arraial do cabo,br,78.66,92,88,5.41
29.382813191954753,-9.034608685083498,tiznit,ma,52.51,94,0,2.84
-25.46951820166926,52.474044357437094,saint-pierre,re,29.39,100,75,18.34
-21.527618249038667,103.19970571113384,carnarvon,au,48.96,57,0,3.06
26.744628310597818,61.20065578638753,iranshahr,ir,66.2,64,0,6.93
0.8778059705354622,175.1629370049311,temaraia,ki,,,,
33.9378513529861,43.73773970026511,balad,iq,78.97,100,56,4.63
66.4537439997763,30.048688204027883,alakurtti,ru,18.4,90,68,6.98
-43.773566992173265,87.82382096682261,busselton,au,61.24,100,8,5.53
-20.693415435756535,152.4262612124046,yeppoon,au,84.2,54,75,8.05
-58.61294683189959,46.98862497354696,east london,za,68.49,100,92,25.77
-43.987841765700225,63.66377265978585,saint-philippe,re,13.98,31,1,9.17
-9.925706835260542,-49.53214370617005,miranorte,br,,,,
23.1940008862221,88.02548246063378,memari,in,73.4,78,40,3.36
28.51722051023654,-54.568289167607034,saint george,bm,55.4,62,20,4.7
-26.112552532735286,-170.8106763971921,vaini,to,66.55,95,24,1.83
-57.80873019705769,61.513304828083534,taolanaro,mg,,,,
-16.324683338825494,78.3835341773812,hithadhoo,mv,83.61,100,88,11.79
48.30880227637164,99.68206292222061,moron,mn,83.46,74,40,5.82
-44.01699467200839,-80.55834662233025,castro,cl,49.99,87,8,6.08
-85.8884909469999,163.00210289090285,bluff,nz,83.16,62,0,4.63
84.13397306271031,125.47482856561572,tiksi,ru,-32.45,57,24,3.29
21.956622481938567,-33.26175632932228,ponta do sol,cv,66.64,98,64,3.62
-56.153822305787706,24.697829895372735,bredasdorp,za,66.2,82,0,8.05
-11.534649193122164,-36.07060963734739,barra dos coqueiros,br,82.4,74,40,10.29
66.03587849343691,-40.53644420426534,tasiilaq,gl,33.8,55,92,25.28
4.014478308355379,-39.37574414647739,acarau,br,,,,
75.83253172446803,113.98297158101138,saskylakh,ru,-24.4,37,36,7.65
-30.116956602843892,74.40440033157097,bambous virieux,mu,78.8,94,90,19.46
42.64417201957093,-71.5867343767795,pepperell,us,23.83,38,1,8.05
9.199614622350907,-0.1529311898306105,yendi,gh,79.11,65,44,6.08
-6.732291041298495,-175.60027967256565,vaitupu,wf,,,,
-23.793905230655525,-71.02515061168799,antofagasta,cl,64.4,82,75,12.75
61.34683513384391,123.06692025637346,kysyl-syr,ru,-12.56,59,24,9.66
72.84802551795474,149.69179664362105,chokurdakh,ru,-32.09,56,0,8.43
70.0835059566057,72.9812997222788,yar-sale,ru,5.62,82,68,6.42
58.842200941302224,-6.054300248374204,stornoway,gb,,,,
85.32103775860014,82.21772408957736,dikson,ru,-14.05,87,0,20.74
48.81341232879569,-127.68899124503324,port hardy,ca,48.2,70,75,3.36
28.51499925150266,145.70127512437796,katsuura,jp,44.6,87,75,6.93
79.05133900272568,-103.91407918773359,yellowknife,ca,21.2,67,90,8.05
16.663213712124545,-94.33917091496139,zanatepec,mx,,,,
42.28259229396923,-60.45919178171455,port hawkesbury,ca,17.6,72,90,12.75
-3.225032756059548,161.50941296467153,buala,sb,84.96,90,12,3.4
22.69629140717511,82.47323496198453,katghora,in,59.35,86,0,2.39
16.063923646008078,-98.2948927086236,pinotepa nacional,mx,,,,
-6.747687571479133,0.4043611866387664,omboue,ga,79.51,100,92,10.45
86.95740968628661,134.57533958301673,nizhneyansk,ru,,,,
-21.035506668047887,-37.25854498492052,vila velha,br,82.4,78,0,4.7
13.933228257590201,-39.270007747650226,porto novo,cv,73.4,83,40,6.93
89.75708183185313,-118.79654401858778,tuktoyaktuk,ca,-4.01,83,20,11.41
23.792800305678696,-147.69533770414893,hilo,us,74.26,61,1,9.17
33.199993399022915,-26.33415622902922,ponta delgada,pt,60.8,93,75,8.05
57.89209647293583,-23.436934799260683,grindavik,is,44.6,100,75,16.11
16.036169404728767,-170.3620465314089,kapaa,us,77.65,74,1,17.22
-55.82119099611023,-5.678120991357559,cape town,za,64.4,68,0,12.75
84.17914458150369,29.31729799005612,mehamn,no,31.18,91,88,14.14
11.106736337575953,-94.7475644182736,ocos,gt,84.2,62,40,6.93
45.74335957842516,-70.64993741800295,lac-megantic,ca,6.04,60,1,20.8
-32.9701880957028,156.40240054120096,port macquarie,au,86,58,0,3.36
37.629862288687804,-50.88504482449591,torbay,ca,30.2,92,90,8.05
38.002164430718864,29.110839651057432,denizli,tr,55.4,54,0,6.93
-31.16090014225989,-47.40851786036697,torres,br,72.49,97,12,9.22
43.92301757108379,35.82126768944019,ordzhonikidze,ua,48.69,92,32,12.01
-66.55155991445666,176.48051115618182,kaitangata,nz,62.73,70,68,4.41
9.786231095839511,87.42468744230001,port blair,in,81.81,100,0,10.45
65.0899973904931,-164.77416242097203,nome,us,74.7,65,1,9.17
57.821992401391526,119.15963274781757,chara,ru,55.4,62,20,4.7
48.26017802761348,168.31898781049307,nikolskoye,ru,23,67,75,11.18
35.197427935482736,96.01363941967895,yumen,cn,27.76,66,0,5.19
66.41375444177771,-79.81397777252623,iqaluit,ca,14,85,90,2.24
76.7400651216198,-62.610074430427886,narsaq,gl,48.2,34,88,18.34
68.14878131691216,-15.573664533812575,husavik,is,24.66,85,12,7.31
-2.191926189252797,-157.83659878822593,faanui,pf,80.64,100,0,11.45
-21.450569695811126,170.48834271260944,isangel,vu,81.94,100,20,12.57
-47.3990038336263,46.685941408669464,tsihombe,mg,,,,
-13.30702992628214,-72.40059223221016,urubamba,pe,57.2,62,90,3.36
59.87836612751394,60.40340668927044,rudnichnyy,ru,3.24,54,0,7.99
4.907575495194109,66.40889257478551,eydhafushi,mv,83.16,100,0,6.76
0.942407172059788,166.41271161593744,bairiki,ki,,,,
-38.373365300133116,-61.71040181550222,punta alta,ar,86,70,20,9.17
-27.504988312718474,55.68687221653394,saint-joseph,re,45.19,75,0,3.36
86.02258502396418,-173.6532525450021,mys shmidta,ru,,,,
-2.577651063268277,85.96425153499814,hambantota,lk,78.52,100,80,9.44
53.96594900352869,65.97804827442525,polovinnoye,ru,30.28,94,88,10.78
31.01754368319604,26.606082741579655,marsa matruh,eg,59,87,0,10.29
-28.450102294266387,-73.7478844820109,coquimbo,cl,60.8,87,0,4.7
80.83245421052806,-55.87755422750857,upernavik,gl,4.27,100,80,19.84
-37.150346555741756,-48.68988066871884,chuy,uy,72.67,77,100,17.72
86.98779434529945,-11.323152592223408,illoqqortoormiut,gl,,,,
39.39050767622888,6.248475295488618,mahon,es,28.4,79,40,14.99
33.71582967566472,-31.06118011168394,ribeira grande,pt,63.13,95,20,15.48
35.88715557910923,49.83008306801824,takestan,ir,29.02,95,0,11.01
75.78294226669158,16.98662393547147,longyearbyen,sj,24.8,73,20,31.09
9.92957180259333,-164.59700827501,makakilo city,us,82.83,69,20,5.82
3.039085849672915,153.1814868210376,kavieng,pg,79.33,100,44,8.55
70.5398467433958,-152.3729030715641,barrow,us,71.14,55,56,8.43
-33.03593019590899,-71.0459519627862,llaillay,cl,60.73,88,90,1.95
73.14126190731238,4.484253964182955,sorland,no,40.27,98,92,29.68
-47.56146059834913,164.38410759605574,tuatapere,nz,59.76,95,64,3.96
70.2856546026357,120.69457932839089,zhigansk,ru,-17.33,51,24,10.78
6.526416706103305,-139.4717865762243,atuona,pf,79.15,100,92,12.01
65.31420734772453,-134.31563996678648,mayo,ca,44.6,45,20,2.24
41.75296043559831,48.85509110617036,xudat,az,33.03,91,12,2.06
66.82207493546377,109.55195186340131,aykhal,ru,-24.4,35,0,2.73
82.67786048969737,158.40726080705696,cherskiy,ru,-18.28,53,0,2.39
-61.45554307710725,148.21536994657293,hobart,au,62.6,82,75,11.41
57.17011068225321,-140.8946617472263,haines junction,ca,27.54,90,20,1.16
9.958269717238053,81.81914740759822,mullaitivu,lk,,,,
-14.633194853105792,60.33175574262259,grand gaube,mu,78.8,94,90,19.46
26.826976624594863,7.790778272951172,gat,ly,77,57,24,6.93
65.05693076567331,178.08068356588467,anadyr,ru,6.8,84,90,24.61
29.080968009566448,44.811547789047296,buraydah,sa,64.4,42,0,10.29
45.481184858789476,97.14737069597976,hami,cn,39.28,65,0,10.22
10.849884074673184,149.24126823909018,lorengau,pg,82.93,99,24,7.65
33.555094157687805,136.43478274663482,kumano,jp,47.7,56,75,3.36
-55.78035326918764,-150.96850955958382,mataura,pf,65.34,71,32,4.74
-50.27072769001142,-63.18117510139011,comodoro rivadavia,ar,55.4,76,0,7.09
22.226282857025325,92.51450802961637,bandarban,bd,71.6,100,40,2.17
86.11373886403584,31.681130821973056,berlevag,no,31.72,100,88,13.69
42.10105820052905,-7.680153231305724,verin,es,32.76,92,88,3.18
-42.611100619354026,124.2450295075057,esperance,au,77,78,20,5.82
56.04669893492971,-74.11704597271817,chapais,ca,1.4,49,1,5.82
-13.013708144922077,-93.09840302345931,puerto ayora,ec,82.4,78,20,10.29
66.94510109328439,104.90652512656368,tura,ru,64.12,61,0,6.64
49.884181573681786,-25.449986519088668,lagoa,pt,57.2,100,75,19.46
-5.385417355733836,154.45385117699658,panguna,pg,78.93,94,88,3.4
-27.346029717044274,39.81884626111702,toliary,mg,,,,
10.709990281071498,127.06987343127321,sapao,ph,,,,
-77.19816229791125,51.76700506712106,port alfred,za,67.99,88,56,20.85
-4.915788556243413,135.13644023215068,nabire,id,76.45,76,8,1.95
-13.389800567486901,97.06513385780613,bengkulu,id,,,,
-3.8116386932330215,123.30389334870063,kendari,id,75.01,100,24,3.62
80.15162928800203,177.05993584640572,leningradskiy,ru,-19.49,100,12,6.31
-31.344022711625406,27.063873730519333,dordrecht,za,28.99,54,88,23.04
24.0391010636784,112.71387634161414,qingyuan,cn,55.71,85,56,2.62
45.04300136569529,8.090905040024154,asti,it,41,100,40,2.24
4.733343961603296,158.94106082878176,namatanai,pg,80.73,100,48,16.49
8.022251444334046,101.88263764947538,yaring,th,73.4,94,20,4.7
-9.216967300431861,-166.5814619857508,samusu,ws,,,,
24.12839157750875,115.30624107319926,yuancheng,cn,,,,
42.43445172344471,24.345503365984484,strelca,bg,,,,
-13.050920481873604,-28.073635518307555,maragogi,br,76.63,93,44,7.09
56.89897169991269,-157.3311396612006,kodiak,us,42.8,75,90,5.82
-29.616851902905132,64.66858471880448,mahebourg,mu,78.8,94,90,19.46
68.96272447770639,113.90237743498972,udachnyy,ru,-22.6,64,0,2.73
38.326259898181945,117.11544310973358,cangzhou,cn,33.66,100,36,4.74
-37.3920163196827,-73.26944873142936,curanilahue,cl,51.97,100,88,3.06
69.22324039223443,17.359934680909817,moen,no,32.77,91,90,8.05
53.57214003322187,149.22761774187398,vostok,ru,28.3,76,88,6.42
32.32470196665625,1.4325232748739722,aflu,dz,,,,
28.13589848445092,-154.63559408912934,kailua,us,82.89,78,1,8.05
84.44411269659378,-40.57811597496547,ilulissat,gl,14,61,0,1.12
73.48017935053971,-146.57801030411758,college,us,33.87,86,1,3.36
-12.900821121193204,7.935600589300407,namibe,ao,77.08,100,56,4.41
-53.992132750217195,135.12585476810676,new norfolk,au,62.6,82,75,11.41
10.182446038170198,-75.76606775752367,cartagena,co,48.46,94,92,3.62
0.6312630335009572,-37.52250220101115,trairi,br,82.66,100,8,11.9
41.133144359757836,-17.177099743358866,peniche,pt,47.43,93,75,2.24
46.67175809753647,22.68184979178386,budureasa,ro,32,100,92,18.34
69.60683072957463,20.993442702639157,sorkjosen,no,,,,
-21.512395071508905,169.29829193540894,tadine,nc,80.73,97,76,12.57
42.87208430929189,38.42371170380446,shepsi,ru,54.22,82,0,25.21
72.01762970299927,87.64358582555451,kayerkan,ru,-21.25,62,64,3.18
64.79234000623444,-176.81305638923814,egvekinot,ru,-16.07,68,0,4.41
-7.825875324018796,57.69440479864724,victoria,sc,80.6,94,75,5.75
-0.602980822246522,19.36867233638739,mbandaka,cd,76.59,86,32,4.41
60.06612665842647,-144.45845791456904,palmer,us,64.4,55,75,20.8
-20.997548353306584,97.13487844489731,palabuhanratu,id,,,,
19.605611960007764,50.13308549543959,salalah,om,73.4,78,0,4.7
22.103360187118625,-57.79013545143033,codrington,ag,78.66,83,0,3.4
26.022789620124243,163.57958566055368,sentyabrskiy,ru,,,,
53.40109579138098,129.3381187906191,fevralsk,ru,,,,
2.7751181324484975,174.8514994767034,rawannawi,ki,,,,
29.05027511642703,119.98179641276272,choucheng,cn,,,,
2.3962487641201307,-106.04952726306232,acapulco,mx,80.6,78,40,9.17
-49.28129630296841,-70.21007119629567,rio gallegos,ar,53.6,46,40,20.8
50.472139330229,26.948758511975598,slavuta,ua,13,82,88,17.27
40.67802940654681,-100.61410392601127,north platte,us,48.2,61,1,8.05
33.58307708932841,-2.3934376375504485,nador,ma,63.1,42,92,12.75
64.83604589149587,22.69421876317864,lulea,se,30.2,74,48,5.82
-14.055444272588545,162.21745297010432,kirakira,sb,80.41,100,76,7.43
-25.22656707022587,-86.1795801561298,marcona,pe,,,,
-18.699571794855743,129.8922672340127,kununurra,au,84.2,70,75,19.46
52.01313395118282,65.54972581751386,esil,kz,17.95,76,48,2.95
60.79381123759288,-116.09188322793622,hay river,ca,35.6,47,75,9.17
-41.14646402575769,-54.29181084439806,mar del plata,ar,55.3,63,32,4.18
43.170341279741564,-14.437592806690702,muros,es,41,93,20,7.65
-32.80605884727976,178.30462077695387,ngunguru,nz,68.35,100,92,27.11
-7.254264729572398,-33.920620592427525,pitimbu,br,78.8,78,20,3.36
9.517207651460879,171.75487537831583,butaritari,ki,81.54,100,32,3.96
-27.434273828550005,128.4315441669101,yulara,au,82.4,34,0,18.34
-16.919666280139936,-67.42792806766496,viloco,bo,52.15,95,24,0.6
58.24951336798833,37.72038525987958,breytovo,ru,1.66,69,56,6.53
38.311304345405205,-18.64395361695955,camacha,pt,63.61,93,75,16.11
23.020318984002984,63.85771065626406,pasni,pk,71.59,100,8,3.96
51.09571740356765,-14.29927234445367,dingle,ie,79.6,79,12,12.01
13.121917924609988,101.49952284985494,klaeng,th,81.58,100,24,7.43
24.36196639766655,-66.54885189099798,cockburn town,tc,75.37,100,20,13.47
40.712028238034065,132.61789192163297,vrangel,ru,33.07,93,0,10
-34.27806179375294,-69.90695335975975,machali,cl,,,,
61.89623716154816,154.85204252013983,dukat,ru,53.41,65,88,8.21
5.49797224396589,76.38204484570406,manavalakurichi,in,80.6,88,20,2.24
-1.978307704258384,114.18217987217685,kualakapuas,id,74.79,97,92,3.96
30.229722251622817,139.37741552061243,shimoda,jp,53.6,76,75,2.24
54.9938860190216,-36.92057347208461,nanortalik,gl,35.91,83,32,27.34
34.72804316062958,24.100799836500215,palaiokhora,gr,,,,
-6.210172415891833,17.903502207464157,kasongo-lunda,cd,70.83,70,24,3.18
37.04979971056919,-121.80110445679492,aptos,us,52.3,81,75,3.36
5.043236697201806,52.88243049429289,eyl,so,75.37,100,76,8.32
14.87565242654513,-115.50587893037638,cabo san lucas,mx,82.4,28,40,12.75
-36.32591289888167,-91.40749310072188,lebu,cl,57.2,71,20,4.7
-37.43380485795327,-65.40116985363659,santa rosa,ar,74.92,25,32,7.76
1.9555391838822658,112.27088873436526,sibu,my,77,94,75,3.36
47.345518763673226,-142.11836916689472,sitka,us,60.88,29,0,11.01
-12.459312924523061,30.088460042080413,serenje,zm,63.54,88,8,11.79
9.222136864360664,47.721499515133786,garowe,so,66.69,88,0,7.2
65.70081836874436,-29.15457317042791,olafsvik,is,,,,
-17.355557313018664,-156.44579779870978,vaitape,pf,81.18,100,24,10.89
6.655888771158786,131.17512732639398,kloulklubed,pw,85.96,70,75,6.93
-37.94304030724499,176.27630893514208,paengaroa,nz,69.07,79,8,14.25
-11.505124101268336,26.867991985736552,kipushi,cd,63.31,99,76,3.62
-59.100656888944805,32.45367374376414,port elizabeth,za,40.17,74,1,8.05
-45.96971218697661,-43.366022305834974,rocha,uy,76.81,60,76,10.22
-16.68067774654193,-38.98893780897666,porto seguro,br,78.8,88,40,4.7
-57.113960340890266,178.9657822007395,dunedin,nz,60.97,73,36,4.18
20.115551561002434,-124.73319343392257,guerrero negro,mx,60.79,68,64,12.46
7.371272346056358,-63.09568123346888,ciudad bolivar,ve,86.89,44,0,15.82
5.171889324466278,-73.12769560971417,miraflores,co,59.58,70,64,2.39
30.81706148744513,57.36298532326251,kerman,ir,50,46,20,4.7
3.516211640304789,-19.516972598477793,goderich,sl,26.64,59,0,9.55
-11.87613387540489,-55.15612827954442,alta floresta,br,76.36,88,32,1.83
-49.16000742712581,25.406551142223265,kruisfontein,za,66.33,88,0,15.03
59.51151491764696,-165.7896656275626,bethel,us,33.8,98,90,14.99
19.089526029940217,144.83735042261935,airai,pw,76.54,73,8,1.95
40.77366882556365,-74.40854892751982,madison,us,42.17,44,1,1.39
-30.60294908340329,142.14527172693977,broken hill,au,78.93,41,24,11.56
60.328482159923624,11.898223622906244,kongsvinger,no,6.39,72,0,3.96
-44.633849842717154,163.1624138187608,te anau,nz,61.42,71,88,6.98
56.64926122809155,-87.49776493186208,attawapiskat,ca,,,,
11.651213441640508,49.44661861062204,bosaso,so,76.27,100,0,1.61
-15.543248426920456,-70.75053765085143,santa lucia,pe,50,71,0,11.41
6.160554032511399,60.57203481722584,bandarbeyla,so,77.62,100,0,5.53
-3.137422389270867,138.67247122151593,vanimo,pg,75.91,100,92,6.87
60.80718801710805,-19.370517321182007,vestmannaeyjar,is,44.73,93,76,19.06
-40.08999433798771,143.84236787592704,colac,au,60.25,75,12,11.9
-31.94773410364691,-66.41265271497598,san luis,ar,74.65,45,0,2.06
20.915530333027604,39.978033261662205,mecca,sa,78.8,50,0,2.39
57.363516091521234,154.2428241896228,sobolevo,ru,0.09,74,0,7.76
53.553721827938375,81.22454894456644,kamen-na-obi,ru,16.78,86,64,4.41
61.79096597787438,112.23136346906506,chernyshevskiy,ru,-6.62,73,12,2.51
30.967726918647813,-77.7854693710951,mount pleasant,us,71.92,60,1,3.36
24.280566799746424,46.563671043687776,riyadh,sa,62.6,39,0,2.24
45.18130185876416,157.1458251340315,severo-kurilsk,ru,21.73,100,64,19.73
-1.0114743362020704,78.84327264584482,viligili,mv,,,,
-0.07549398553906883,-28.75375480427661,touros,br,79.38,86,0,8.88
18.98850162198552,11.274547158620976,bilma,ne,65.83,20,0,6.76
66.73068210099225,-45.32091470837565,qaqortoq,gl,48.2,34,88,18.34
-6.57083791725114,40.29553606751449,sokoni,tz,65.56,96,20,5.75
9.932640001777187,75.0709471007739,chavakkad,in,78.17,88,40,3.62
7.861444638474424,-28.537320955856075,sao filipe,cv,70.29,97,0,17.38
68.04636525978353,128.58704031263431,batagay-alyta,ru,-26.65,38,32,3.18
17.788758313327932,-72.38034545965024,jacmel,ht,80.6,78,75,11.41
35.33640358093513,-119.00717198377225,bakersfield,us,47.61,55,40,16.11
28.193085239871024,-0.9221225843001832,adrar,dz,55.4,16,0,5.82
9.639957468729861,59.5827624936739,bargal,so,,,,
70.91330287668936,32.478747758597706,vardo,no,36.12,74,1,6.93
27.621243657095576,-88.10581858564025,pascagoula,us,69.55,100,1,4.7
-36.42919187756612,146.77241828633532,wodonga,au,76.8,34,80,20.8
87.81657842341957,42.5931228179756,belushya guba,ru,,,,
-26.366911812453807,-100.41924625227544,pisco,pe,71.6,78,0,19.46
-2.4439394009760207,10.989671369193815,ndende,ga,,,,
47.145867674220796,71.42537180049644,atasu,kz,21.06,81,80,8.21
30.81808060237985,100.75240274295498,yaan,cn,74.16,91,32,11.23
6.1763549109477225,-80.51687043116313,la palma,pa,75.91,67,48,2.28
24.57231110477835,29.087252982303056,tahta,eg,,,,
-45.343794620220216,131.65757819518745,port lincoln,au,66.51,80,0,22.3
-6.260528088350966,32.90224799003178,sikonge,tz,59.35,95,12,2.95
87.94246813580264,67.74585344349157,amderma,ru,,,,
26.53463220400853,-74.32771145372601,rock sound,bs,73.44,100,0,5.97
64.71857348895841,-51.17437996822491,nuuk,gl,30.2,80,0,21.92
-34.018696479579425,-49.173782416022135,rio grande,br,75.24,83,56,14.7
48.67746818761751,-120.34179760157544,princeton,ca,39.83,64,1,4.29
34.8803563987432,-5.2058492023637655,wazzan,ma,,,,
15.03043435050057,-62.92912130682137,coulihaut,dm,,,,
18.671204489886662,-82.30622045443918,george town,ky,78.85,94,75,5.19
64.48717724962046,41.52096621717729,kholmogory,ru,-0.41,77,90,4.47
22.716725066519203,118.01703679252108,chenghai,cn,64.4,77,75,4.47
57.16887368936062,90.38673713479653,novobirilyussy,ru,5.94,65,12,3.74
9.134139316677519,-23.796850369322527,praia,cv,66.2,93,40,9.17
-24.028759068724398,-39.179249214404024,armacao dos buzios,br,,,,
-12.435264092995027,-22.04554303551666,georgetown,sh,75.2,88,20,4.7
11.244082892653708,-103.59183401631988,san jeronimo,mx,48.37,83,92,1.95
42.070271948337904,80.39136046041,aksu,cn,15.8,100,0,6.71
44.34167463948708,-66.22202789617423,yarmouth,ca,28.4,92,92,13.87
60.211555962924024,-51.655875372228564,paamiut,gl,31.99,87,88,8.77
22.45733222585642,126.66812285598957,hirara,jp,72.52,78,20,9.17
59.2419483759939,-16.124498004505114,hofn,is,41.44,94,80,9.55
2.1548419004768533,50.52636209032852,hobyo,so,78.43,89,100,11.9
-8.527439154528864,-27.139722952364707,olinda,br,82.4,78,75,3.36
64.88232573458035,37.06022271937948,maloshuyka,ru,,,,
40.713149996761786,29.625176796857744,karamursel,tr,66.78,51,0,6.93
46.25569248302875,-11.210376219992582,carballo,es,41.86,93,88,3.36
39.75936790136504,29.876892179418434,bozuyuk,tr,62.31,27,0,23.04
6.095071352037365,-101.16943209518155,puerto escondido,mx,80.6,74,40,8.05
55.19826381855751,72.47871616500359,lyubinskiy,ru,17.6,72,0,8.95
-5.2888117780643,20.255509231146846,ilebo,cd,76.18,85,44,2.51
47.94866700018264,40.954861176170965,sinegorskiy,ru,43.56,95,76,14.47
6.67474931464217,29.172383463695553,tonj,sd,,,,
-10.665494628771441,132.00341967378944,nguiu,au,,,,
-35.20830182839234,146.86088186023215,wagga wagga,au,89.6,21,36,28.86
40.43021340058115,6.651855655560382,alghero,it,51.8,87,90,14.99
6.773871473225114,-111.51082452967177,san patricio,mx,85.86,61,0,4.18
0.11698424331123647,91.73547559015861,meulaboh,id,78.03,100,64,2.62
-25.2047441083064,78.2104746241015,grand river south east,mu,,,,
18.862681482650174,-9.645299923799115,nioro,ml,76.09,63,36,3.18
29.190999342123376,-64.17551755725906,hamilton,bm,60.8,59,40,19.46
-17.59277033907246,141.61148169242966,mount isa,au,89.6,38,0,4.7
33.287729012102716,-4.4057764919523095,fez,ma,56.08,58,75,31.09
1.7712499104413695,81.90087851584212,matara,lk,48.37,83,92,1.95
-19.561180467499838,144.14119587244858,charters towers,au,76.23,96,48,4.63
49.65811728173989,59.81594080479289,dombarovskiy,ru,27.49,94,80,8.1
-13.475542670930324,143.42026866176354,mareeba,au,80.6,83,75,9.17
-18.538184167261065,36.03742585103464,quelimane,mz,77,88,20,5.82
-39.14982173480144,149.1344402357252,lakes entrance,au,82.03,49,0,10.89
-38.17706893606848,144.57046359287574,clifton springs,au,32.83,58,1,3.36
17.360884303925545,-86.5477374761806,french harbor,hn,80.6,78,75,18.34
31.626217528465773,63.7919755606448,geresk,af,,,,
43.89436406090968,111.02379604034905,erenhot,cn,24.79,62,44,2.95
53.68950094095777,-91.17651496192066,sioux lookout,ca,39.92,30,40,9.17
65.4177423885148,37.667358902572346,onega,ru,-5.27,56,12,6.76
-14.718561411117946,177.02290315266538,asau,tv,,,,
0.4546423584220918,122.06865335570376,gorontalo,id,80.28,71,12,2.39
35.4692957272277,97.88817346461468,xining,cn,26.5,83,92,3.4
20.23778266608194,28.970240903831183,marawi,sd,72.4,99,12,2.62
47.87085096086858,46.81930986913568,tsagan aman,ru,32.04,86,32,14.7
-19.23647096157852,134.5749831266557,ngukurr,au,,,,
52.20992008018109,70.22309124947643,makinsk,kz,21.69,83,56,8.99
59.57866837324781,33.291698864914736,tikhvin,ru,11.92,81,64,4.74
60.05968331657965,105.22975234985148,vanavara,ru,7.69,67,64,4.74
-23.927409166395663,13.440436765838484,walvis bay,na,60.8,82,20,6.53
-29.321607909804257,-167.4685227819104,alofi,nu,84.2,74,44,8.05
-7.379705051420402,-52.81882579385899,sao felix do xingu,br,74.2,99,48,2.17
31.522514798701422,-101.46004541144202,big spring,us,75.45,23,1,9.17
46.08998556171932,-21.744207628353763,praia da vitoria,pt,62.73,98,88,15.37
2.046747953452865,20.370536659073338,binga,cd,67.14,100,12,0.94
-43.59106911551146,-32.08503607678077,laguna,br,64.4,59,90,3.36
-17.765626213223058,-61.377120262742096,san jose,bo,75.69,81,8,2.84
35.389670054250544,-149.69474391307944,kahului,us,78.64,74,40,16.11
34.120602097817454,29.628896481021684,kumluca,tr,35.91,84,76,1.39
-5.315690007929419,-78.94682634695526,san ignacio,pe,55.4,71,92,5.82
49.290963963771986,162.57852161998335,petropavlovsk-kamchatskiy,ru,21.2,41,20,26.84
-5.001655158972497,145.46410460917895,madang,pg,72.76,100,92,4.63
-16.108678519048652,-58.767607500688015,san matias,bo,73.4,53,40,6.93
-36.364874776767,157.21375325321537,nelson bay,au,91.4,43,0,17.22
2.7507265187497865,124.06116538372578,manado,id,84.2,79,20,3.36
60.534391774405265,143.35776145005343,okhotsk,ru,12.82,95,56,5.19
49.371111978440524,-91.9815690252033,atikokan,ca,37.84,57,0,7.65
-43.16875590924673,24.02351786141398,plettenberg bay,za,65.29,97,0,13.69
-6.021341964795042,-167.8187332063829,samalaeulu,ws,,,,
63.23386701909433,18.448586230205137,ornskoldsvik,se,25.41,68,32,19.46
-14.213990005823248,-25.35623678077644,sao jose da coroa grande,br,76.63,93,44,7.09
88.88033219644547,102.87750999229428,khatanga,ru,-39.29,0,0,2.51
38.994964920783275,145.59450876041723,yamada,jp,50.41,40,0,12.75
34.27793959703324,-1.380960908027106,wahran,dz,,,,
50.07984140915835,-114.50039997095767,blairmore,ca,39.43,63,90,9.17
41.82942131709086,-7.44258192457616,chaves,pt,32.76,92,88,3.18
32.37147522229,48.8129488342542,shushtar,ir,47.38,88,8,3.4
46.356549405698985,112.036994646035,baruun-urt,mn,22.81,70,44,4.63
7.942369625150619,68.47364763374682,dhidhdhoo,mv,82.89,100,0,5.97
-22.618906316249863,156.02670517676677,hervey bay,au,78.21,98,76,6.87
57.911873067326866,45.06072127273117,varnavino,ru,-6.22,72,32,6.98
-52.7569720049516,46.50956088082722,umzimvubu,za,,,,
33.184531694180635,112.08758168814074,nanyang,cn,40.68,92,92,12.8
38.952207413497774,-141.2058681131104,fortuna,us,50,81,75,8.05
-27.769783284715317,112.90152629643097,geraldton,au,24.8,41,90,4.7
32.45562853626204,55.449115984819485,bafq,ir,41.26,99,8,4.18
38.47420155686902,23.607255260569673,khalkis,gr,,,,
26.90995532740861,-25.90707036974561,los llanos de aridane,es,62.6,67,0,8.05
-35.704053067701565,40.04456659100859,richards bay,za,67.14,84,92,0.94
-13.337738160900031,34.252632519035046,ntchisi,mw,62.6,93,0,5.82
66.58580001349836,-56.91625016492502,sisimiut,gl,1.53,78,12,2.06
-24.18274131940862,123.93075414444354,broome,au,29.48,92,92,24.16
-34.07265053762302,25.24762382900107,uitenhage,za,66.2,82,0,13.87
54.622482175782636,44.66749039317418,pochinki,ru,8.19,87,88,16.49
-54.546300848745084,-23.003943964361696,cidreira,br,74.61,82,0,14.92
-35.76716478883046,137.78339587831283,victor harbor,au,66.2,48,40,23.04
53.209076575344824,60.18132130840621,yuzhnyy,ru,6.88,77,56,18.84
32.748821915915244,133.59091113709934,susaki,jp,51.8,66,75,9.17
-39.867497798273526,-89.70120298503443,ancud,cl,51.03,80,0,6.08
6.9654461371560785,86.2013516811113,kalmunai,lk,75.64,100,76,2.17
53.33682565828963,-109.52299593593452,lloydminster,ca,28.4,92,90,9.17
69.8573525693524,89.60521702666648,talnakh,ru,-20.03,57,64,3.06
20.53002115814384,109.43783501576547,lingao,cn,72.13,85,0,11.9
2.630851487087085,-50.50683988460355,amapa,br,80.6,88,20,5.82
33.14176986030556,145.1797725848146,hasaki,jp,49.95,58,75,4.7
68.54383512930534,33.462270197718794,shonguy,ru,19.4,85,90,6.71
17.154619694945183,-48.155132068185594,bathsheba,bb,77,83,75,14.99
-1.6668811817347091,6.132951680976703,port-gentil,ga,77.49,100,92,3.62
37.877569424127586,111.52954102097004,jiexiu,cn,34.74,100,88,3.96
75.0858659399739,-145.0534857713811,fairbanks,us,33.89,86,1,3.36
40.675863268560846,-81.87182679594477,wooster,us,34.86,48,75,3.36
61.388959047630806,56.51069081643533,nyrob,ru,2.43,75,56,12.24
26.308454517032843,54.25497365562467,bandar-e lengeh,ir,70.96,100,0,17.83
60.598325899054714,-61.183294617534074,pangnirtung,ca,9.67,82,76,2.06
-15.200319525022692,25.78148081415145,namwala,zm,66.06,96,8,4.63
-22.78432326843054,35.50847751135794,maxixe,mz,75.55,100,92,19.73
-25.237414331804274,-54.00755375158724,matelandia,br,77,88,20,5.82
13.984204904556151,75.52805584410149,shimoga,in,68.17,100,80,3.29
51.020422169881954,9.799710512433563,bebra,de,24.8,62,75,16.11
36.5842767917308,-79.99287205342486,martinsville,us,58.62,54,1,3.18
24.91373357671843,27.512234460263556,asyut,eg,60.8,55,0,10.29
-9.826162215846566,-173.45163316201044,sataua,ws,,,,
50.53901507832225,73.2244797293379,aktau,kz,30.2,100,40,6.71
66.54489326607418,-9.927598271449114,vestmanna,fo,37.4,64,64,11.41
17.89600030244692,17.84510808064846,faya,td,56.34,82,20,1.83
34.01683355388769,86.51203794453653,pokhara,np,44.95,57,0,3.62
71.69919060422319,11.787471675662687,gravdal,no,17.6,61,0,2.24
-22.786949126485624,10.205747858125733,henties bay,na,61.42,100,8,5.41
57.86848926363882,-115.96059206554835,high level,ca,33.8,59,75,5.82
-8.362442913540264,46.41007860167133,mutsamudu,km,,,,
-13.213072309894898,57.643194965416455,cap malheureux,mu,78.8,94,90,19.46
22.67514329415401,56.75149110682085,nizwa,om,48.96,72,0,2.84
46.3421428792189,-105.22139661146471,miles city,us,33.8,86,90,14.99
-0.3113472664257131,44.15748553878629,barawe,so,,,,
21.40732300861795,-106.07640363270114,san blas,mx,75.2,69,75,6.93
-11.469497107234318,28.36582310329439,mansa,zm,73.4,38,0,2.17
-31.079375553489974,-27.794944399528617,sao joao da barra,br,80.5,100,76,7.76
17.203790711389317,82.67985044198679,tuni,in,41,93,40,4.7
-43.513907198870136,-71.57506085006997,coihaique,cl,48.2,61,40,5.82
50.903816655895355,84.9328728305635,ust-kan,ru,21.06,93,56,2.17
48.58748799736668,52.76113957235799,inderborskiy,kz,,,,
2.37227469082508,-16.484751148361255,bonthe,sl,78.61,88,8,5.64
-9.151932379279245,44.208322550518744,mitsamiouli,km,83.02,96,68,11.45
25.110100428712784,25.627019153856935,jalu,ly,70.38,24,68,11.45
60.57067033612992,0.9400170729538218,lerwick,gb,28.4,79,0,9.17
57.47789004043045,-62.85054107771738,havre-saint-pierre,ca,21.2,73,40,11.41
40.05006588140617,-25.010360418813406,rabo de peixe,pt,60.8,93,75,8.05
24.43947627517639,97.45012105634777,banmo,mm,,,,
60.688610401247416,-149.96696527161254,anchorage,us,37.69,86,90,4.7
-9.596360814045411,135.33723566900426,galiwinku,au,,,,
-47.99886449785276,-58.72804851317113,rawson,ar,59.26,47,56,11.56
64.82494480866038,-19.52670234863362,blonduos,is,,,,
19.073373833246535,-10.472532434026135,atar,mr,65.11,26,0,8.88
6.337727082522861,104.1110990460744,kuala terengganu,my,77,88,75,3.36
31.85254694653338,30.441930058268497,rosetta,eg,57.2,87,0,3.36
13.444658069640141,-46.68967897257204,sinnamary,gf,79.24,95,100,11.12
68.18849392205428,2.680375849464042,roald,no,28.13,54,8,8.05
-56.11094131772739,128.12000857309005,mount gambier,au,58,74,92,14.03
19.21795810794788,112.28739881874293,wanning,cn,26.6,86,75,16.11
-12.658153078550626,138.3695188839103,nhulunbuy,au,80.6,88,56,3.36
-7.242474624064286,121.43440615125775,maumere,id,81.31,100,0,1.72
53.62662490182851,-118.46800294246205,jasper,ca,71.58,82,0,7.2
17.319639747405375,-105.28086461598583,manzanillo,mx,77.08,100,88,7.54
55.95237574408216,63.95047212265453,kargapolye,ru,,,,
26.71857115996312,-72.85298028322292,cockburn town,bs,75.37,100,20,13.47
46.3425056767675,50.927566064344376,balykshi,kz,,,,
-23.71707647014891,123.1171825065631,port hedland,au,93.2,41,0,11.41
-13.862764789527375,168.65348302441714,sola,vu,15.8,72,0,5.82
56.98050442767965,158.01850662233574,tigil,ru,12.55,83,64,14.7
24.448111761348187,-106.7963106008572,cosala,mx,,,,
50.14532889324454,34.61207230639164,okhtyrka,ua,15.48,84,80,15.82
-10.25484725533508,28.098369180767662,mwense,zm,66.01,96,76,1.39
23.609675706267723,-62.05044324323626,the valley,ai,77,78,20,9.17
74.76499830830775,-169.84397272179328,lavrentiya,ru,0.63,100,88,40.31
-1.1091353248339715,171.5835141236892,tabiauea,ki,,,,
31.91710431245906,-153.86466426647067,ahuimanu,us,82.87,78,1,8.05
49.83373808815267,138.22202455198396,gurskoye,ru,,,,
9.028263966785374,-70.70255667605856,valera,ve,86,66,20,2.28
62.7773330616306,115.78061517204702,almaznyy,ru,41.13,96,76,13.02
-6.551881388900782,174.04195635453686,lolua,tv,,,,
31.312683180455707,-8.73755639408418,marrakesh,ma,51.8,71,40,5.82
-0.35302996060104874,-2.776812840507091,axim,gh,80.5,100,56,10.45
43.71878096852555,-131.90740337141207,north bend,us,47.3,70,88,3.36
-30.211415639497893,15.209407219472496,oranjemund,na,63.67,89,0,21.85
42.78178896288455,78.38842869599443,tyup,kg,1.93,68,0,2.51
-16.18169409145233,-149.74941175167916,papetoai,pf,84.2,70,75,9.17
-1.3667538128046743,109.08153739930015,pontianak,id,77.04,99,36,4.52
35.9413969310048,129.28311767154236,nagato,jp,51.87,81,75,8.05
49.72860182114735,-7.0702906714362825,penzance,gb,28.4,79,32,11.41
1.9657136914617723,-87.31781672509257,san cristobal,ec,53.6,76,40,1.12
55.14489716570705,149.3139698264573,arman,ru,10.4,51,20,8.95
40.25342934963996,138.29964477347437,oga,jp,79.29,71,20,10.78
2.3037809987317672,101.05879814879046,tanjong sepat,my,,,,
-31.831955546249702,163.42842130205088,vao,nc,19.03,83,12,9.22
16.510857140402024,66.46706836513022,veraval,in,31.39,100,90,12.75
38.23456873532737,-5.500341670952224,azuaga,es,42.34,100,92,5.41
18.908021697200567,114.22333184662182,zhuhai,cn,32,66,20,6.71
61.677414058490484,162.9302748629338,ossora,ru,15.39,93,68,29.91
-16.48228243253223,47.77437936959316,tsaratanana,mg,68.76,97,88,7.65
17.851130132304306,92.52876609128776,akyab,mm,,,,
20.708358494152932,45.336541710022004,najran,sa,68,22,0,3.06
-25.462994507438026,157.06250643800723,coolum beach,au,76.68,96,80,6.64
42.027166442148285,39.32748171327256,besikduzu,tr,53.6,66,0,2.24
-38.12266661166413,22.745447190997396,knysna,za,55.4,93,0,4.7
11.984068281829522,-75.02561362502416,puerto colombia,co,80.6,83,40,18.34
28.044502355432826,-85.99156715198117,panama city,us,68.95,94,1,6.93
54.82820029304412,-122.9941809365846,mackenzie,ca,48.2,42,1,6.93
22.802059927835614,-3.9747875588219586,taoudenni,ml,54.81,30,0,4.29
52.27006809629529,-59.66361891020814,saint-augustin,ca,41.2,100,0,5.82
-18.935193636415605,-146.16839337491282,tautira,pf,86,62,75,10.29
-4.353512030088325,26.634835076383297,kasongo,cd,70.24,95,36,2.84
28.984435176422252,-81.81670744885919,lady lake,us,68.2,72,1,7.43
13.856140026607918,127.58957086265593,alugan,ph,76.9,100,88,9.78
56.331171914873096,-105.1249769623776,la ronge,ca,32,66,20,12.75
38.89688471845946,1.992388445210338,santa eulalia del rio,es,,,,
18.34761007170934,104.96690698223034,ban nahin,la,69.21,94,48,2.39
-41.756694090794554,41.38890164802169,margate,za,64.4,82,75,14.99
-21.007860361692195,31.3512448890057,chiredzi,zw,67.18,98,92,14.47
-3.204851720149321,143.9999591410272,wewak,pg,74.56,100,92,2.51
47.4994884532679,34.08626670303954,chortomlyk,ua,33.39,98,92,12.91
68.63309606555623,-69.14451797773933,clyde river,ca,-14.81,68,90,17.22
-30.21762256145832,9.3782792974512,luderitz,na,59,82,0,4.7
4.885300453476134,96.67912646891835,bireun,id,80.01,100,20,1.5
55.300097616367935,123.64475521194174,tynda,ru,6.07,46,12,11.45
-12.69068128759426,-83.15309577459529,huarmey,pe,71.19,69,20,2.73
64.85169298709175,43.8253368127973,pinega,ru,-2.66,73,36,3.85
-19.350681916344115,-29.521341368778764,caravelas,br,81.67,100,44,14.03
33.08815221587686,67.46883071768528,uruzgan,af,24.16,54,76,2.06
33.674535316349036,12.668014309079695,sabratah,ly,58.45,100,24,17.05
-1.3895300265714638,-53.49737144231709,prainha,br,74.61,100,44,3.06
49.731955224943846,97.14389485460322,kungurtug,ru,0.18,60,0,3.74
39.698465154233816,-81.48651056942991,marietta,us,69.48,68,1,4.7
-40.057268218584056,1.3811623012723544,saldanha,za,36.67,94,68,4.97
-21.420129520391328,35.844468720799995,beira,mz,41.85,93,88,3.36
-25.264592182030356,152.44063338972853,maryborough,au,78.39,86,64,3.96
66.17260596482362,66.07942956254863,labytnangi,ru,-6.85,74,64,7.65
12.052774548660281,73.52157957738132,manjeshwar,in,78.8,88,40,3.36
13.228088919708426,-79.21929539708619,san andres,co,80.5,99,44,16.93
36.53873513272117,81.1998517255962,leh,in,-9.5,71,44,1.61
-41.30846943701521,143.47436188054314,burnie,au,60.25,100,88,29.57
-3.8074068786713298,-81.46111218925302,mancora,pe,77.53,73,68,7.31
-8.763120398381702,-74.3100607499281,pucallpa,pe,75.2,100,75,4.7
